Treatment,Gender,mean_mass,SD_mass
Control,Female,2.8292400671926097,2.406656827568685
Control,Male,2.1000505990164138,1.3552211877856826
Treatment,Female,2.9893705985205288,2.5400206076723153
Treatment,Male,2.9328194332942488,3.5812006369182834
